seq,phase_idx,send_ts_ms
0,0,1776712875436
1,0,1776712875640
2,0,1776712875842
3,0,1776712876044
4,0,1776712876250
5,0,1776712876451
6,0,1776712876654
7,0,1776712876856
8,0,1776712877059
9,0,1776712877262
10,0,1776712877465
11,0,1776712877670
12,0,1776712877871
13,0,1776712878073
14,0,1776712878275
15,1,1776712878479
16,1,1776712878532
17,1,1776712878585
18,1,1776712878640
19,1,1776712878695
20,1,1776712878748
21,1,1776712878803
22,1,1776712878858
23,1,1776712878913
24,1,1776712878964
25,1,1776712879019
26,1,1776712879069
27,1,1776712879124
28,1,1776712879179
29,1,1776712879233
30,1,1776712879285
31,1,1776712879340
32,1,1776712879392
33,1,1776712879447
34,1,1776712879500
35,1,1776712879552
36,1,1776712879605
37,1,1776712879660
38,1,1776712879715
39,1,1776712879770
40,1,1776712879823
41,1,1776712879877
42,1,1776712879932
43,1,1776712879986
44,1,1776712880039
45,1,1776712880092
46,1,1776712880144
47,1,1776712880199
48,1,1776712880249
49,1,1776712880301
50,1,1776712880353
51,1,1776712880406
52,1,1776712880462
53,1,1776712880514
54,1,1776712880565
55,1,1776712880620
56,1,1776712880672
57,1,1776712880726
58,1,1776712880780
59,1,1776712880831
60,1,1776712880885
61,1,1776712880939
62,1,1776712880994
63,1,1776712881048
64,1,1776712881101
65,1,1776712881156
66,1,1776712881206
67,1,1776712881262
68,1,1776712881312
69,1,1776712881363
70,1,1776712881415
71,1,1776712881471
72,1,1776712881526
73,1,1776712881580
74,1,1776712881631
75,1,1776712881682
76,1,1776712881737
77,1,1776712881793
78,1,1776712881847
79,1,1776712881898
80,1,1776712881951
81,1,1776712882004
82,1,1776712882059
83,1,1776712882112
84,1,1776712882165
85,1,1776712882217
86,1,1776712882268
87,1,1776712882323
88,1,1776712882373
89,1,1776712882428
90,1,1776712882484
91,1,1776712882539
92,1,1776712882594
93,1,1776712882647
94,1,1776712882698
95,1,1776712882750
96,1,1776712882803
97,1,1776712882858
98,1,1776712882910
99,1,1776712882961
100,1,1776712883012
101,1,1776712883067
102,1,1776712883117
103,1,1776712883170
104,1,1776712883222
105,1,1776712883273
106,1,1776712883323
107,1,1776712883375
108,1,1776712883427
109,1,1776712883482
110,1,1776712883534
111,1,1776712883589
112,1,1776712883640
113,1,1776712883695
114,1,1776712883748
115,1,1776712883803
116,1,1776712883858
117,1,1776712883910
118,1,1776712883965
119,1,1776712884015
120,1,1776712884067
121,1,1776712884122
122,1,1776712884177
123,1,1776712884231
124,1,1776712884283
125,1,1776712884338
126,1,1776712884390
127,1,1776712884445
128,1,1776712884498
129,1,1776712884549
130,1,1776712884600
131,1,1776712884652
132,1,1776712884707
133,1,1776712884760
134,1,1776712884815
135,1,1776712884870
136,1,1776712884923
137,1,1776712884977
138,1,1776712885031
139,1,1776712885083
140,1,1776712885134
141,1,1776712885189
142,1,1776712885241
143,1,1776712885293
144,1,1776712885347
145,1,1776712885401
146,1,1776712885456
147,1,1776712885510
148,1,1776712885565
149,1,1776712885617
150,1,1776712885672
151,1,1776712885727
152,1,1776712885781
153,1,1776712885834
154,1,1776712885887
155,1,1776712885940
156,1,1776712885993
157,1,1776712886048
158,1,1776712886104
159,1,1776712886159
160,1,1776712886214
161,1,1776712886268
162,1,1776712886322
163,1,1776712886373
164,1,1776712886428
165,1,1776712886482
166,1,1776712886532
167,1,1776712886584
168,1,1776712886639
169,1,1776712886692
170,1,1776712886743
171,1,1776712886798
172,1,1776712886853
173,1,1776712886904
174,1,1776712886954
175,1,1776712887006
176,1,1776712887059
177,1,1776712887112
178,1,1776712887167
179,1,1776712887218
180,1,1776712887272
181,1,1776712887323
182,1,1776712887376
183,1,1776712887430
184,1,1776712887481
185,1,1776712887535
186,1,1776712887585
187,1,1776712887640
188,1,1776712887694
189,1,1776712887748
190,1,1776712887799
191,1,1776712887852
192,1,1776712887907
193,1,1776712887959
194,1,1776712888010
195,1,1776712888065
196,1,1776712888120
197,1,1776712888175
198,1,1776712888227
199,1,1776712888281
200,1,1776712888336
201,1,1776712888390
202,1,1776712888445
203,1,1776712888496
204,1,1776712888549
205,1,1776712888603
206,1,1776712888657
207,1,1776712888707
208,1,1776712888762
209,1,1776712888813
210,1,1776712888866
211,1,1776712888916
212,1,1776712888968
213,1,1776712889024
214,1,1776712889075
215,1,1776712889127
216,1,1776712889181
217,1,1776712889235
218,1,1776712889290
219,1,1776712889346
220,1,1776712889398
221,1,1776712889449
222,1,1776712889503
223,1,1776712889553
224,1,1776712889608
225,1,1776712889658
226,1,1776712889713
227,1,1776712889765
228,1,1776712889816
229,1,1776712889869
230,1,1776712889925
231,1,1776712889976
232,1,1776712890030
233,1,1776712890083
234,1,1776712890135
235,1,1776712890190
236,1,1776712890241
237,1,1776712890296
238,1,1776712890347
239,1,1776712890402
240,1,1776712890453
241,1,1776712890504
242,1,1776712890559
243,1,1776712890612
244,1,1776712890665
245,1,1776712890720
246,1,1776712890773
247,1,1776712890828
248,1,1776712890884
249,1,1776712890939
250,1,1776712890991
251,1,1776712891043
252,1,1776712891098
253,1,1776712891149
254,1,1776712891199
255,1,1776712891252
256,1,1776712891306
257,1,1776712891360
258,1,1776712891415
259,1,1776712891467
260,1,1776712891522
261,1,1776712891573
262,1,1776712891625
263,1,1776712891680
264,1,1776712891732
265,1,1776712891786
266,1,1776712891841
267,1,1776712891896
268,1,1776712891949
269,1,1776712892004
270,1,1776712892057
271,1,1776712892110
272,1,1776712892164
273,1,1776712892217
274,1,1776712892269
275,1,1776712892323
276,1,1776712892377
277,1,1776712892430
278,1,1776712892481
279,1,1776712892537
280,1,1776712892590
281,1,1776712892641
282,1,1776712892694
283,1,1776712892748
284,1,1776712892803
285,1,1776712892856
286,1,1776712892909
287,1,1776712892964
288,1,1776712893015
289,1,1776712893070
290,1,1776712893122
291,1,1776712893173
292,1,1776712893224
293,1,1776712893275
294,1,1776712893330
295,1,1776712893381
296,1,1776712893435
297,1,1776712893489
298,1,1776712893544
299,1,1776712893599
300,1,1776712893654
301,1,1776712893709
302,1,1776712893762
303,1,1776712893813
304,1,1776712893867
305,1,1776712893922
306,1,1776712893973
307,1,1776712894028
308,1,1776712894083
309,1,1776712894135
310,1,1776712894189
311,1,1776712894243
312,1,1776712894298
313,1,1776712894352
314,1,1776712894408
315,1,1776712894463
316,1,1776712894514
317,1,1776712894569
318,1,1776712894624
319,1,1776712894677
320,1,1776712894730
321,1,1776712894785
322,1,1776712894838
323,1,1776712894891
324,1,1776712894942
325,1,1776712894993
326,1,1776712895048
327,1,1776712895104
328,1,1776712895158
329,1,1776712895209
330,1,1776712895263
331,1,1776712895318
332,1,1776712895373
333,1,1776712895424
334,1,1776712895479
335,1,1776712895534
336,1,1776712895590
337,1,1776712895645
338,1,1776712895698
339,1,1776712895752
340,1,1776712895806
341,1,1776712895860
342,1,1776712895911
343,1,1776712895966
344,1,1776712896021
345,1,1776712896072
346,1,1776712896124
347,1,1776712896177
348,1,1776712896232
349,1,1776712896285
350,1,1776712896339
351,1,1776712896390
352,1,1776712896441
353,1,1776712896491
354,1,1776712896543
355,1,1776712896598
356,1,1776712896655
357,1,1776712896708
358,1,1776712896759
359,1,1776712896812
360,1,1776712896864
361,1,1776712896916
362,1,1776712896970
363,1,1776712897023
364,1,1776712897079
365,1,1776712897130
366,1,1776712897185
367,1,1776712897240
368,1,1776712897294
369,1,1776712897350
370,1,1776712897404
371,1,1776712897458
372,1,1776712897510
373,1,1776712897565
374,1,1776712897617
375,1,1776712897673
376,1,1776712897723
377,1,1776712897778
378,1,1776712897832
379,1,1776712897883
380,1,1776712897934
381,1,1776712897985
382,1,1776712898040
383,1,1776712898095
384,1,1776712898145
385,1,1776712898198
386,1,1776712898253
387,1,1776712898305
388,1,1776712898360
389,1,1776712898415
390,1,1776712898469
391,1,1776712898523
392,1,1776712898577
393,1,1776712898632
394,1,1776712898685
395,1,1776712898740
396,1,1776712898795
397,1,1776712898849
398,1,1776712898901
399,1,1776712898955
400,1,1776712899007
401,1,1776712899059
402,1,1776712899114
403,1,1776712899167
404,1,1776712899219
405,1,1776712899273
406,1,1776712899327
407,1,1776712899378
408,1,1776712899431
409,1,1776712899487
410,1,1776712899541
411,1,1776712899594
412,1,1776712899647
413,1,1776712899699
414,1,1776712899749
415,1,1776712899805
416,1,1776712899856
417,1,1776712899912
418,1,1776712899966
419,1,1776712900021
420,1,1776712900075
421,1,1776712900130
422,1,1776712900181
423,1,1776712900235
424,1,1776712900290
425,1,1776712900343
426,1,1776712900399
427,1,1776712900450
428,1,1776712900505
429,1,1776712900556
430,1,1776712900609
431,1,1776712900663
432,1,1776712900716
433,1,1776712900766
434,1,1776712900818
435,1,1776712900873
436,1,1776712900928
437,1,1776712900983
438,1,1776712901033
439,1,1776712901085
440,1,1776712901140
441,1,1776712901192
442,1,1776712901244
443,1,1776712901297
444,1,1776712901348
445,1,1776712901404
446,1,1776712901457
447,1,1776712901511
448,1,1776712901565
449,1,1776712901620
450,1,1776712901673
451,1,1776712901724
452,1,1776712901776
453,1,1776712901831
454,1,1776712901885
455,1,1776712901940
456,1,1776712901991
457,1,1776712902042
458,1,1776712902097
459,1,1776712902151
460,1,1776712902201
461,1,1776712902256
462,1,1776712902306
463,1,1776712902360
464,1,1776712902415
465,1,1776712902467
466,1,1776712902531
467,1,1776712902583
468,1,1776712902639
469,1,1776712902690
470,1,1776712902740
471,1,1776712902792
472,1,1776712902846
473,1,1776712902901
474,1,1776712902955
475,1,1776712903008
476,1,1776712903059
477,1,1776712903110
478,1,1776712903161
479,1,1776712903215
480,1,1776712903267
481,1,1776712903320
482,1,1776712903373
483,1,1776712903423
484,1,1776712903476
